-- File BBD-Schema-2013-09-09.sql generated by dump-DB-schema.sh on Mon Sep  9 20:46:52 UTC 2013
-- -------------------------------------------------------------
-- BBD9000 CMS Schema Dump
--   This file is used to build a new empty BBD9000 CMS database
--   Includes BBD9000 system table data
-- -------------------------------------------------------------
-- MySQL dump 10.13  Distrib 5.5.29, for debian-linux-gnu (x86_64)
--
-- Host: localhost    Database: test_members
-- ------------------------------------------------------
-- Server version	5.5.29-0ubuntu0.12.04.1

/*!40101 SET @OLD_CHARACTER_SET_CLIENT=@@CHARACTER_SET_CLIENT */;
/*!40101 SET @OLD_CHARACTER_SET_RESULTS=@@CHARACTER_SET_RESULTS */;
/*!40101 SET @OLD_COLLATION_CONNECTION=@@COLLATION_CONNECTION */;
/*!40101 SET NAMES utf8 */;
/*!40103 SET @OLD_TIME_ZONE=@@TIME_ZONE */;
/*!40103 SET TIME_ZONE='+00:00' */;
/*!40014 SET @OLD_UNIQUE_CHECKS=@@UNIQUE_CHECKS, UNIQUE_CHECKS=0 */;
/*!40014 SET @OLD_FOREIGN_KEY_CHECKS=@@FOREIGN_KEY_CHECKS, FOREIGN_KEY_CHECKS=0 */;
/*!40101 SET @OLD_SQL_MODE=@@SQL_MODE, SQL_MODE='NO_AUTO_VALUE_ON_ZERO' */;
/*!40111 SET @OLD_SQL_NOTES=@@SQL_NOTES, SQL_NOTES=0 */;

--
-- Table structure for table `roles`
--

DROP TABLE IF EXISTS `roles`;
/*!40101 SET @saved_cs_client     = @@character_set_client */;
/*!40101 SET character_set_client = utf8 */;
CREATE TABLE `roles` (
  `role_id` varchar(64) NOT NULL,
  `label` varchar(256) DEFAULT NULL,
  `order` int(11) DEFAULT '0',
  `script` varchar(256) DEFAULT NULL,
  `description` varchar(256) DEFAULT NULL,
  PRIMARY KEY (`role_id`)
) ENGINE=InnoDB DEFAULT CHARSET=utf8;
/*!40101 SET character_set_client = @saved_cs_client */;

--
-- Dumping data for table `roles`
--

LOCK TABLES `roles` WRITE;
/*!40000 ALTER TABLE `roles` DISABLE KEYS */;
INSERT INTO `roles` VALUES ('All Purchases',NULL,NULL,NULL,'Allow examining purchases by all members');
INSERT INTO `roles` VALUES ('Broadcast Email','Broadcast',3,'BBD-broadcast-email.pl','Allow sending of broadcast emails');
INSERT INTO `roles` VALUES ('Fuel Alerts',NULL,NULL,NULL,'Receives fuel-related alerts from kiosks by email');
INSERT INTO `roles` VALUES ('Fuel Czar',NULL,NULL,NULL,'Allow changing fuel price and type');
INSERT INTO `roles` VALUES ('Fuel Deliveries',NULL,1,'BBD-fuel_deliveries.pl','Allow setting fuel deliveries');
INSERT INTO `roles` VALUES ('Gateway Czar',NULL,NULL,NULL,'Receives CC Gateway-related alerts by email');
INSERT INTO `roles` VALUES ('Kiosk Czar',NULL,NULL,NULL,'Receives kiosk-related alerts by email');
INSERT INTO `roles` VALUES ('Memberships',NULL,2,'BBD-memberships.pl','Allows adding/deleting/editing memberships');
INSERT INTO `roles` VALUES ('Roles',NULL,NULL,NULL,'Allow modifying member roles');
INSERT INTO `roles` VALUES ('Software Czar',NULL,NULL,NULL,'Receives software-related alerts by email');
INSERT INTO `roles` VALUES ('Supplier',NULL,NULL,NULL,'Appears as a selection in Supplier menus');
/*!40000 ALTER TABLE `roles` ENABLE KEYS */;
UNLOCK TABLES;

--
-- Table structure for table `item_prices`
--

DROP TABLE IF EXISTS `item_prices`;
/*!40101 SET @saved_cs_client     = @@character_set_client */;
/*!40101 SET character_set_client = utf8 */;
CREATE TABLE `item_prices` (
  `item` varchar(64) NOT NULL,
  `price` float NOT NULL,
  `description` text,
  PRIMARY KEY (`item`)
) ENGINE=InnoDB DEFAULT CHARSET=utf8;
/*!40101 SET character_set_client = @saved_cs_client */;

--
-- Dumping data for table `item_prices`
--

LOCK TABLES `item_prices` WRITE;
/*!40000 ALTER TABLE `item_prices` DISABLE KEYS */;
INSERT INTO `item_prices` VALUES ('fuel',3.6,'Fuel price for a FULL membership.  Other memberships, and expired FULL memberships pay the surcharge');
INSERT INTO `item_prices` VALUES ('membership',100,'Full membership fee');
INSERT INTO `item_prices` VALUES ('renewal',30,'Renew an EXPIRED membership.  ONE-DAY memberships never expire!');
INSERT INTO `item_prices` VALUES ('trial_surcharge',0.75,'Per-gallon surcharge for EXPIRED and ONE-DAY memberships');
INSERT INTO `item_prices` VALUES ('upgrade',70,'Upgrade fee for a non-ONE-DAY membership to FULL.  ONE-DAY memberhip upgrade to FULL is the full membership price');
/*!40000 ALTER TABLE `item_prices` ENABLE KEYS */;
UNLOCK TABLES;

--
-- Table structure for table `alerts`
--

DROP TABLE IF EXISTS `alerts`;
/*!40101 SET @saved_cs_client     = @@character_set_client */;
/*!40101 SET character_set_client = utf8 */;
CREATE TABLE `alerts` (
  `alert_id` varchar(64) NOT NULL,
  PRIMARY KEY (`alert_id`)
) ENGINE=InnoDB DEFAULT CHARSET=utf8;
/*!40101 SET character_set_client = @saved_cs_client */;

--
-- Dumping data for table `alerts`
--

LOCK TABLES `alerts` WRITE;
/*!40000 ALTER TABLE `alerts` DISABLE KEYS */;
INSERT INTO `alerts` VALUES ('Fuel');
INSERT INTO `alerts` VALUES ('Gateway');
INSERT INTO `alerts` VALUES ('Network');
INSERT INTO `alerts` VALUES ('Power');
INSERT INTO `alerts` VALUES ('Security');
INSERT INTO `alerts` VALUES ('Software');
/*!40000 ALTER TABLE `alerts` ENABLE KEYS */;
UNLOCK TABLES;

--
-- Table structure for table `alert_roles`
--

DROP TABLE IF EXISTS `alert_roles`;
/*!40101 SET @saved_cs_client     = @@character_set_client */;
/*!40101 SET character_set_client = utf8 */;
CREATE TABLE `alert_roles` (
  `alert_role_id` bigint(20) NOT NULL AUTO_INCREMENT,
  `alert_id` varchar(64) NOT NULL,
  `role_id` varchar(64) NOT NULL,
  PRIMARY KEY (`alert_role_id`),
  KEY `alert_idx` (`alert_id`),
  KEY `role_idx` (`role_id`)
) ENGINE=InnoDB  DEFAULT CHARSET=utf8;
/*!40101 SET character_set_client = @saved_cs_client */;

--
-- Dumping data for table `alert_roles`
--

LOCK TABLES `alert_roles` WRITE;
/*!40000 ALTER TABLE `alert_roles` DISABLE KEYS */;
INSERT INTO `alert_roles` VALUES (2,'Gateway','Gateway Czar');
INSERT INTO `alert_roles` VALUES (3,'Fuel','Fuel Alerts');
INSERT INTO `alert_roles` VALUES (4,'Power','Kiosk Czar');
INSERT INTO `alert_roles` VALUES (5,'Security','Kiosk Czar');
INSERT INTO `alert_roles` VALUES (6,'Software','Software Czar');
INSERT INTO `alert_roles` VALUES (7,'Network','Kiosk Czar');
/*!40000 ALTER TABLE `alert_roles` ENABLE KEYS */;
UNLOCK TABLES;

--
-- Table structure for table `promotions`
--

DROP TABLE IF EXISTS `promotions`;
/*!40101 SET @saved_cs_client     = @@character_set_client */;
/*!40101 SET character_set_client = utf8 */;
CREATE TABLE `promotions` (
  `promotion_id` int(11) NOT NULL AUTO_INCREMENT,
  `item` varchar(64) NOT NULL,
  `price` float NOT NULL,
  `kiosk_id` int(11) DEFAULT NULL,
  `number_left` int(11) DEFAULT NULL,
  `date_start` datetime DEFAULT NULL,
  `date_end` datetime DEFAULT NULL,
  PRIMARY KEY (`promotion_id`)
) ENGINE=InnoDB  DEFAULT CHARSET=utf8;
/*!40101 SET character_set_client = @saved_cs_client */;

--
-- Dumping data for table `promotions`
--

LOCK TABLES `promotions` WRITE;
/*!40000 ALTER TABLE `promotions` DISABLE KEYS */;
INSERT INTO `promotions` VALUES (1,'set_email_fuel_credit',10,NULL,NULL,NULL,NULL);
/*!40000 ALTER TABLE `promotions` ENABLE KEYS */;
UNLOCK TABLES;
/*!40103 SET TIME_ZONE=@OLD_TIME_ZONE */;

/*!40101 SET SQL_MODE=@OLD_SQL_MODE */;
/*!40014 SET FOREIGN_KEY_CHECKS=@OLD_FOREIGN_KEY_CHECKS */;
/*!40014 SET UNIQUE_CHECKS=@OLD_UNIQUE_CHECKS */;
/*!40101 SET CHARACTER_SET_CLIENT=@OLD_CHARACTER_SET_CLIENT */;
/*!40101 SET CHARACTER_SET_RESULTS=@OLD_CHARACTER_SET_RESULTS */;
/*!40101 SET COLLATION_CONNECTION=@OLD_COLLATION_CONNECTION */;
/*!40111 SET SQL_NOTES=@OLD_SQL_NOTES */;

-- Dump completed on 2013-09-09 20:46:52
-- MySQL dump 10.13  Distrib 5.5.29, for debian-linux-gnu (x86_64)
--
-- Host: localhost    Database: test_members
-- ------------------------------------------------------
-- Server version	5.5.29-0ubuntu0.12.04.1

/*!40101 SET @OLD_CHARACTER_SET_CLIENT=@@CHARACTER_SET_CLIENT */;
/*!40101 SET @OLD_CHARACTER_SET_RESULTS=@@CHARACTER_SET_RESULTS */;
/*!40101 SET @OLD_COLLATION_CONNECTION=@@COLLATION_CONNECTION */;
/*!40101 SET NAMES utf8 */;
/*!40103 SET @OLD_TIME_ZONE=@@TIME_ZONE */;
/*!40103 SET TIME_ZONE='+00:00' */;
/*!40014 SET @OLD_UNIQUE_CHECKS=@@UNIQUE_CHECKS, UNIQUE_CHECKS=0 */;
/*!40014 SET @OLD_FOREIGN_KEY_CHECKS=@@FOREIGN_KEY_CHECKS, FOREIGN_KEY_CHECKS=0 */;
/*!40101 SET @OLD_SQL_MODE=@@SQL_MODE, SQL_MODE='NO_AUTO_VALUE_ON_ZERO' */;
/*!40111 SET @OLD_SQL_NOTES=@@SQL_NOTES, SQL_NOTES=0 */;

--
-- Table structure for table `cc_transactions`
--

DROP TABLE IF EXISTS `cc_transactions`;
/*!40101 SET @saved_cs_client     = @@character_set_client */;
/*!40101 SET character_set_client = utf8 */;
CREATE TABLE `cc_transactions` (
  `cc_trans_id` int(10) unsigned NOT NULL AUTO_INCREMENT,
  `amount` float NOT NULL,
  `pre_auth` float DEFAULT '0',
  `status` enum('PREAUTH','CAPTURED','VOIDED','ERROR') NOT NULL DEFAULT 'ERROR',
  `message` varchar(128) NOT NULL,
  `member_id` int(10) unsigned NOT NULL,
  `kiosk_id` int(10) unsigned NOT NULL,
  `timestamp` datetime NOT NULL,
  `response_code` int(11) NOT NULL,
  `reason_code` int(11) NOT NULL,
  `auth_code` varchar(64) NOT NULL,
  `gwy_trans_id` varchar(64) NOT NULL,
  `cc_id` bigint(20) DEFAULT NULL,
  PRIMARY KEY (`cc_trans_id`),
  KEY `member_id` (`member_id`),
  KEY `kiosk_id` (`kiosk_id`),
  KEY `response_code` (`response_code`)
) ENGINE=InnoDB DEFAULT CHARSET=utf8;
/*!40101 SET character_set_client = @saved_cs_client */;

--
-- Table structure for table `deliveries`
--

DROP TABLE IF EXISTS `deliveries`;
/*!40101 SET @saved_cs_client     = @@character_set_client */;
/*!40101 SET character_set_client = utf8 */;
CREATE TABLE `deliveries` (
  `delivery_id` bigint(11) unsigned NOT NULL AUTO_INCREMENT,
  `member_id` bigint(20) unsigned DEFAULT NULL,
  `from_kiosk_id` bigint(20) unsigned DEFAULT NULL,
  `timestamp` datetime NOT NULL,
  `kiosk_id` bigint(20) unsigned NOT NULL,
  `item` varchar(64) NOT NULL,
  `quantity` float NOT NULL,
  `price_per_item` float NOT NULL,
  `total_price` float NOT NULL,
  PRIMARY KEY (`delivery_id`),
  KEY `timestamp_idx` (`timestamp`),
  KEY `item_idx` (`item`),
  KEY `kiosk_idx` (`kiosk_id`)
) ENGINE=InnoDB DEFAULT CHARSET=utf8;
/*!40101 SET character_set_client = @saved_cs_client */;

--
-- Table structure for table `kiosk_alerts`
--

DROP TABLE IF EXISTS `kiosk_alerts`;
/*!40101 SET @saved_cs_client     = @@character_set_client */;
/*!40101 SET character_set_client = utf8 */;
CREATE TABLE `kiosk_alerts` (
  `kiosk_alert_id` bigint(11) NOT NULL AUTO_INCREMENT,
  `timestamp` datetime NOT NULL,
  `received` datetime NOT NULL,
  `alert_id` varchar(64) NOT NULL,
  `kiosk_id` bigint(20) NOT NULL,
  `message` varchar(256) DEFAULT NULL,
  `status` enum('ACTIVE','HANDLED') NOT NULL DEFAULT 'ACTIVE',
  `notes` text,
  PRIMARY KEY (`kiosk_alert_id`)
) ENGINE=InnoDB DEFAULT CHARSET=utf8;
/*!40101 SET character_set_client = @saved_cs_client */;

--
-- Table structure for table `kiosk_request_log`
--

DROP TABLE IF EXISTS `kiosk_request_log`;
/*!40101 SET @saved_cs_client     = @@character_set_client */;
/*!40101 SET character_set_client = utf8 */;
CREATE TABLE `kiosk_request_log` (
  `request_id` int(11) unsigned NOT NULL AUTO_INCREMENT,
  `timestamp` datetime NOT NULL,
  `kiosk_id` int(10) unsigned NOT NULL,
  `message_sha1` varchar(64) NOT NULL,
  `count` int(10) unsigned NOT NULL DEFAULT '1',
  PRIMARY KEY (`request_id`),
  KEY `kiosk_id` (`kiosk_id`),
  KEY `message_sha1` (`message_sha1`),
  KEY `timestamp` (`timestamp`)
) ENGINE=InnoDB DEFAULT CHARSET=utf8;
/*!40101 SET character_set_client = @saved_cs_client */;

--
-- Table structure for table `kiosks`
--

DROP TABLE IF EXISTS `kiosks`;
/*!40101 SET @saved_cs_client     = @@character_set_client */;
/*!40101 SET character_set_client = utf8 */;
CREATE TABLE `kiosks` (
  `kiosk_id` int(11) unsigned NOT NULL AUTO_INCREMENT,
  `name` varchar(256) NOT NULL,
  `rsa_key` varchar(1024) NOT NULL,
  `is_online` tinyint(1) DEFAULT NULL,
  `last_checkin` datetime NOT NULL,
  `last_status` datetime DEFAULT NULL,
  `checkin_delta_h` int(11) DEFAULT NULL,
  `last_ip` varchar(64) DEFAULT NULL,
  `status` varchar(256) NOT NULL,
  `voltage` float NOT NULL DEFAULT '12',
  `fuel_type` varchar(8) NOT NULL DEFAULT 'B99',
  `fuel_avail` float NOT NULL,
  `fuel_capacity` float NOT NULL,
  `fuel_value` float NOT NULL,
  `fuel_price` float NOT NULL DEFAULT '3.99',
  `address1` varchar(256) NOT NULL,
  `address2` varchar(256) NOT NULL,
  `city` varchar(256) NOT NULL,
  `state` varchar(256) NOT NULL,
  `zip` varchar(256) NOT NULL,
  `latitude` float NOT NULL,
  `longitude` float NOT NULL,
  `timezone` varchar(256) NOT NULL DEFAULT 'US/Eastern',
  PRIMARY KEY (`kiosk_id`)
) ENGINE=InnoDB DEFAULT CHARSET=utf8;
/*!40101 SET character_set_client = @saved_cs_client */;

--
-- Table structure for table `member_ccs`
--

DROP TABLE IF EXISTS `member_ccs`;
/*!40101 SET @saved_cs_client     = @@character_set_client */;
/*!40101 SET character_set_client = utf8 */;
CREATE TABLE `member_ccs` (
  `cc_id` bigint(11) unsigned NOT NULL AUTO_INCREMENT,
  `cc_name` varchar(256) NOT NULL DEFAULT '',
  `member_id` bigint(20) DEFAULT NULL,
  `mag_name` varchar(256) NOT NULL DEFAULT '',
  `last4` varchar(256) DEFAULT NULL,
  PRIMARY KEY (`cc_id`),
  KEY `cc_name` (`cc_name`(255)),
  KEY `member_id` (`member_id`),
  KEY `mag_name` (`mag_name`(255))
) ENGINE=InnoDB DEFAULT CHARSET=utf8;
/*!40101 SET character_set_client = @saved_cs_client */;

--
-- Table structure for table `member_roles`
--

DROP TABLE IF EXISTS `member_roles`;
/*!40101 SET @saved_cs_client     = @@character_set_client */;
/*!40101 SET character_set_client = utf8 */;
CREATE TABLE `member_roles` (
  `member_role` bigint(20) NOT NULL AUTO_INCREMENT,
  `member_id` bigint(20) NOT NULL,
  `role_id` varchar(64) NOT NULL,
  PRIMARY KEY (`member_role`),
  KEY `member_roles` (`member_id`,`role_id`),
  KEY `members` (`member_id`)
) ENGINE=InnoDB  DEFAULT CHARSET=utf8;
/*!40101 SET character_set_client = @saved_cs_client */;

--
-- Table structure for table `members`
--

DROP TABLE IF EXISTS `members`;
/*!40101 SET @saved_cs_client     = @@character_set_client */;
/*!40101 SET character_set_client = utf8 */;
CREATE TABLE `members` (
  `member_id` int(10) unsigned NOT NULL AUTO_INCREMENT,
  `membership_id` int(10) unsigned NOT NULL,
  `is_primary` tinyint(1) NOT NULL DEFAULT '1',
  `name` varchar(256) NOT NULL,
  `first_name` varchar(256) DEFAULT '',
  `last_name` varchar(256) DEFAULT '',
  `pin` varchar(256) NOT NULL,
  `email` varchar(256) NOT NULL,
  `address1` varchar(256) NOT NULL,
  `address2` varchar(256) DEFAULT NULL,
  `city` varchar(256) NOT NULL DEFAULT 'Baltimore',
  `state` varchar(256) NOT NULL DEFAULT 'MD',
  `zip` varchar(256) NOT NULL,
  `home_phone` varchar(256) DEFAULT NULL,
  `work_phone` varchar(256) DEFAULT NULL,
  `mobile_phone` varchar(256) DEFAULT NULL,
  `credit` float NOT NULL DEFAULT '0',
  `fuel_preauth` float NOT NULL DEFAULT '15',
  `login` varchar(256) NOT NULL,
  `password` varchar(256) NOT NULL,
  PRIMARY KEY (`member_id`),
  KEY `membership_id` (`membership_id`),
  KEY `first_name` (`first_name`(255)),
  KEY `last_name` (`last_name`(255)),
  KEY `pin` (`pin`(255)),
  KEY `login` (`login`(255))
) ENGINE=InnoDB  DEFAULT CHARSET=utf8;
/*!40101 SET character_set_client = @saved_cs_client */;

--
-- Table structure for table `memberships`
--

DROP TABLE IF EXISTS `memberships`;
/*!40101 SET @saved_cs_client     = @@character_set_client */;
/*!40101 SET character_set_client = utf8 */;
CREATE TABLE `memberships` (
  `membership_id` int(10) unsigned NOT NULL AUTO_INCREMENT,
  `membership_number` int(11) NOT NULL,
  `start_date` datetime NOT NULL,
  `expires` datetime DEFAULT NULL,
  `type` enum('FULL','ONE-DAY','NON-FUELING','SUPPLIER') NOT NULL,
  `status` enum('ACTIVE','PENDING','ASK_RENEWAL','EXPIRED') NOT NULL,
  `last_renewal` datetime NOT NULL,
  PRIMARY KEY (`membership_id`),
  UNIQUE KEY `membership_number` (`membership_number`)
) ENGINE=InnoDB  DEFAULT CHARSET=utf8;
/*!40101 SET character_set_client = @saved_cs_client */;

--
-- Table structure for table `messages`
--

DROP TABLE IF EXISTS `messages`;
/*!40101 SET @saved_cs_client     = @@character_set_client */;
/*!40101 SET character_set_client = utf8 */;
CREATE TABLE `messages` (
  `message_id` int(11) unsigned NOT NULL AUTO_INCREMENT,
  `kiosk_id` int(11) unsigned NOT NULL,
  `timestamp` timestamp NOT NULL DEFAULT CURRENT_TIMESTAMP,
  `parameter` enum('avail_gallons','add_gallons','operator_code','patch','ppg','fuel','maint') NOT NULL,
  `value` varchar(256) NOT NULL,
  PRIMARY KEY (`message_id`),
  KEY `kiosk_id` (`kiosk_id`)
) ENGINE=InnoDB DEFAULT CHARSET=utf8;
/*!40101 SET character_set_client = @saved_cs_client */;

--
-- Table structure for table `notices`
--

DROP TABLE IF EXISTS `notices`;
/*!40101 SET @saved_cs_client     = @@character_set_client */;
/*!40101 SET character_set_client = utf8 */;
CREATE TABLE `notices` (
  `notice_id` int(10) unsigned NOT NULL AUTO_INCREMENT,
  `kiosk_id` int(11) NOT NULL,
  `timestamp` datetime NOT NULL,
  `message` varchar(256) NOT NULL,
  `received` datetime NOT NULL,
  PRIMARY KEY (`notice_id`),
  KEY `kiosk_id` (`kiosk_id`)
) ENGINE=InnoDB DEFAULT CHARSET=utf8;
/*!40101 SET character_set_client = @saved_cs_client */;

--
-- Table structure for table `sales`
--

DROP TABLE IF EXISTS `sales`;
/*!40101 SET @saved_cs_client     = @@character_set_client */;
/*!40101 SET character_set_client = utf8 */;
CREATE TABLE `sales` (
  `sale_id` int(10) unsigned NOT NULL AUTO_INCREMENT,
  `kiosk_id` int(10) unsigned NOT NULL,
  `member_id` int(10) unsigned NOT NULL,
  `timestamp` datetime NOT NULL,
  `item` varchar(64) NOT NULL,
  `quantity` float NOT NULL,
  `per_item` float NOT NULL DEFAULT '0',
  `amount` float NOT NULL,
  `max_flow` float DEFAULT NULL,
  `credit` float NOT NULL DEFAULT '0',
  `cc_trans_id` int(10) unsigned DEFAULT NULL,
  PRIMARY KEY (`sale_id`),
  KEY `kiosk_id` (`kiosk_id`),
  KEY `member_id` (`member_id`),
  KEY `timestamp` (`timestamp`)
) ENGINE=InnoDB DEFAULT CHARSET=utf8;
/*!40101 SET character_set_client = @saved_cs_client */;

--
-- Table structure for table `sessions`
--

DROP TABLE IF EXISTS `sessions`;
/*!40101 SET @saved_cs_client     = @@character_set_client */;
/*!40101 SET character_set_client = utf8 */;
CREATE TABLE `sessions` (
  `id` char(32) NOT NULL,
  `a_session` text NOT NULL,
  UNIQUE KEY `id` (`id`)
) ENGINE=InnoDB DEFAULT CHARSET=utf8;
/*!40101 SET character_set_client = @saved_cs_client */;
/*!40103 SET TIME_ZONE=@OLD_TIME_ZONE */;

/*!40101 SET SQL_MODE=@OLD_SQL_MODE */;
/*!40014 SET FOREIGN_KEY_CHECKS=@OLD_FOREIGN_KEY_CHECKS */;
/*!40014 SET UNIQUE_CHECKS=@OLD_UNIQUE_CHECKS */;
/*!40101 SET CHARACTER_SET_CLIENT=@OLD_CHARACTER_SET_CLIENT */;
/*!40101 SET CHARACTER_SET_RESULTS=@OLD_CHARACTER_SET_RESULTS */;
/*!40101 SET COLLATION_CONNECTION=@OLD_COLLATION_CONNECTION */;
/*!40111 SET SQL_NOTES=@OLD_SQL_NOTES */;

-- Dump completed on 2013-09-09 20:46:52
